cluster,distinct_cultures,category
1,1,culture-specific (operational)
2,1,culture-specific (operational)
3,1,culture-specific (operational)
4,2,culture-specific (operational)
5,1,culture-specific (operational)
6,1,culture-specific (operational)
7,1,culture-specific (operational)
8,1,culture-specific (operational)
9,1,culture-specific (operational)
10,1,culture-specific (operational)
11,1,culture-specific (operational)
12,1,culture-specific (operational)
13,1,culture-specific (operational)
14,1,culture-specific (operational)
15,1,culture-specific (operational)
16,1,culture-specific (operational)
17,1,culture-specific (operational)
18,1,culture-specific (operational)
19,1,culture-specific (operational)
20,1,culture-specific (operational)
21,1,culture-specific (operational)
22,1,culture-specific (operational)
23,1,culture-specific (operational)
24,1,culture-specific (operational)
25,1,culture-specific (operational)
26,1,culture-specific (operational)
27,1,culture-specific (operational)
28,1,culture-specific (operational)
29,1,culture-specific (operational)
30,1,culture-specific (operational)
31,1,culture-specific (operational)
32,1,culture-specific (operational)
33,1,culture-specific (operational)
34,1,culture-specific (operational)
35,1,culture-specific (operational)
36,1,culture-specific (operational)
37,1,culture-specific (operational)
38,1,culture-specific (operational)
39,1,culture-specific (operational)
40,1,culture-specific (operational)
41,1,culture-specific (operational)
42,1,culture-specific (operational)
43,1,culture-specific (operational)
44,1,culture-specific (operational)
45,1,culture-specific (operational)
46,1,culture-specific (operational)
47,1,culture-specific (operational)
48,1,culture-specific (operational)
49,1,culture-specific (operational)
50,1,culture-specific (operational)
51,1,culture-specific (operational)
52,1,culture-specific (operational)
53,1,culture-specific (operational)
54,1,culture-specific (operational)
55,1,culture-specific (operational)
56,1,culture-specific (operational)
57,1,culture-specific (operational)
58,1,culture-specific (operational)
59,1,culture-specific (operational)
60,1,culture-specific (operational)
61,1,culture-specific (operational)
62,1,culture-specific (operational)
63,2,culture-specific (operational)
64,3,culture-specific (operational)
65,1,culture-specific (operational)
66,1,culture-specific (operational)
67,1,culture-specific (operational)
68,3,culture-specific (operational)
69,4,culture-specific (operational)
70,1,culture-specific (operational)
71,1,culture-specific (operational)
72,1,culture-specific (operational)
73,1,culture-specific (operational)
74,1,culture-specific (operational)
75,1,culture-specific (operational)
76,1,culture-specific (operational)
77,1,culture-specific (operational)
78,2,culture-specific (operational)
79,1,culture-specific (operational)
80,1,culture-specific (operational)
81,1,culture-specific (operational)
82,1,culture-specific (operational)
83,1,culture-specific (operational)
84,1,culture-specific (operational)
85,1,culture-specific (operational)
86,1,culture-specific (operational)
87,1,culture-specific (operational)
88,1,culture-specific (operational)
89,1,culture-specific (operational)
90,1,culture-specific (operational)
91,3,culture-specific (operational)
92,1,culture-specific (operational)
93,1,culture-specific (operational)
94,1,culture-specific (operational)
95,1,culture-specific (operational)
96,1,culture-specific (operational)
97,1,culture-specific (operational)
98,1,culture-specific (operational)
99,1,culture-specific (operational)
100,1,culture-specific (operational)
101,1,culture-specific (operational)
102,1,culture-specific (operational)
103,1,culture-specific (operational)
104,1,culture-specific (operational)
105,1,culture-specific (operational)
106,1,culture-specific (operational)
107,1,culture-specific (operational)
108,1,culture-specific (operational)
109,1,culture-specific (operational)
110,1,culture-specific (operational)
111,1,culture-specific (operational)
112,1,culture-specific (operational)
113,1,culture-specific (operational)
114,1,culture-specific (operational)
115,1,culture-specific (operational)
116,1,culture-specific (operational)
117,2,culture-specific (operational)
118,1,culture-specific (operational)
119,1,culture-specific (operational)
120,1,culture-specific (operational)
121,1,culture-specific (operational)
122,1,culture-specific (operational)
123,2,culture-specific (operational)
124,1,culture-specific (operational)
125,1,culture-specific (operational)
126,1,culture-specific (operational)
127,2,culture-specific (operational)
128,3,culture-specific (operational)
129,1,culture-specific (operational)
130,2,culture-specific (operational)
131,1,culture-specific (operational)
132,1,culture-specific (operational)
133,1,culture-specific (operational)
134,1,culture-specific (operational)
135,1,culture-specific (operational)
136,1,culture-specific (operational)
137,1,culture-specific (operational)
138,1,culture-specific (operational)
139,1,culture-specific (operational)
140,1,culture-specific (operational)
141,1,culture-specific (operational)
142,1,culture-specific (operational)
143,1,culture-specific (operational)
144,1,culture-specific (operational)
145,1,culture-specific (operational)
146,1,culture-specific (operational)
147,1,culture-specific (operational)
148,1,culture-specific (operational)
149,1,culture-specific (operational)
150,1,culture-specific (operational)
151,1,culture-specific (operational)
152,1,culture-specific (operational)
153,1,culture-specific (operational)
154,1,culture-specific (operational)
155,1,culture-specific (operational)
156,1,culture-specific (operational)
157,1,culture-specific (operational)
158,1,culture-specific (operational)
159,2,culture-specific (operational)
160,1,culture-specific (operational)
161,2,culture-specific (operational)
162,3,culture-specific (operational)
163,1,culture-specific (operational)
164,1,culture-specific (operational)
165,1,culture-specific (operational)
166,1,culture-specific (operational)
167,1,culture-specific (operational)
168,1,culture-specific (operational)
169,1,culture-specific (operational)
170,1,culture-specific (operational)
171,1,culture-specific (operational)
172,1,culture-specific (operational)
173,1,culture-specific (operational)
174,1,culture-specific (operational)
175,2,culture-specific (operational)
176,1,culture-specific (operational)
177,1,culture-specific (operational)
178,1,culture-specific (operational)
179,1,culture-specific (operational)
180,1,culture-specific (operational)
181,1,culture-specific (operational)
182,1,culture-specific (operational)
183,1,culture-specific (operational)
184,1,culture-specific (operational)
185,1,culture-specific (operational)
186,1,culture-specific (operational)
187,1,culture-specific (operational)
188,2,culture-specific (operational)
189,1,culture-specific (operational)
190,1,culture-specific (operational)
191,1,culture-specific (operational)
192,1,culture-specific (operational)
193,1,culture-specific (operational)
194,1,culture-specific (operational)
195,1,culture-specific (operational)
196,1,culture-specific (operational)
197,1,culture-specific (operational)
198,1,culture-specific (operational)
199,1,culture-specific (operational)
200,1,culture-specific (operational)
201,1,culture-specific (operational)
202,1,culture-specific (operational)
203,1,culture-specific (operational)
204,1,culture-specific (operational)
205,1,culture-specific (operational)
206,1,culture-specific (operational)
207,1,culture-specific (operational)
208,1,culture-specific (operational)
209,1,culture-specific (operational)
210,1,culture-specific (operational)
211,1,culture-specific (operational)
212,1,culture-specific (operational)
213,1,culture-specific (operational)
214,1,culture-specific (operational)
215,1,culture-specific (operational)
216,1,culture-specific (operational)
217,1,culture-specific (operational)
218,1,culture-specific (operational)
219,1,culture-specific (operational)
220,1,culture-specific (operational)
221,1,culture-specific (operational)
222,1,culture-specific (operational)
223,1,culture-specific (operational)
224,1,culture-specific (operational)
225,1,culture-specific (operational)
226,1,culture-specific (operational)
227,1,culture-specific (operational)
228,1,culture-specific (operational)
229,2,culture-specific (operational)
230,1,culture-specific (operational)
231,1,culture-specific (operational)
232,1,culture-specific (operational)
233,1,culture-specific (operational)
234,1,culture-specific (operational)
235,1,culture-specific (operational)
236,1,culture-specific (operational)
237,2,culture-specific (operational)
238,1,culture-specific (operational)
239,2,culture-specific (operational)
240,1,culture-specific (operational)
241,1,culture-specific (operational)
242,1,culture-specific (operational)
243,1,culture-specific (operational)
244,1,culture-specific (operational)
245,1,culture-specific (operational)
246,1,culture-specific (operational)
247,1,culture-specific (operational)
248,1,culture-specific (operational)
249,1,culture-specific (operational)
250,1,culture-specific (operational)
251,1,culture-specific (operational)
252,1,culture-specific (operational)
253,1,culture-specific (operational)
254,2,culture-specific (operational)
255,1,culture-specific (operational)
256,1,culture-specific (operational)
257,1,culture-specific (operational)
258,2,culture-specific (operational)
259,2,culture-specific (operational)
260,1,culture-specific (operational)
261,1,culture-specific (operational)
262,1,culture-specific (operational)
263,1,culture-specific (operational)
264,1,culture-specific (operational)
265,1,culture-specific (operational)
266,1,culture-specific (operational)
267,1,culture-specific (operational)
268,1,culture-specific (operational)
269,1,culture-specific (operational)
270,1,culture-specific (operational)
271,1,culture-specific (operational)
272,1,culture-specific (operational)
273,1,culture-specific (operational)
274,1,culture-specific (operational)
275,1,culture-specific (operational)
276,1,culture-specific (operational)
277,1,culture-specific (operational)
278,1,culture-specific (operational)
279,1,culture-specific (operational)
280,1,culture-specific (operational)
281,1,culture-specific (operational)
282,1,culture-specific (operational)
283,1,culture-specific (operational)
284,1,culture-specific (operational)
285,1,culture-specific (operational)
286,1,culture-specific (operational)
287,1,culture-specific (operational)
288,1,culture-specific (operational)
289,1,culture-specific (operational)
290,1,culture-specific (operational)
291,1,culture-specific (operational)
292,1,culture-specific (operational)
293,1,culture-specific (operational)
294,1,culture-specific (operational)
295,1,culture-specific (operational)
296,1,culture-specific (operational)
297,1,culture-specific (operational)
298,1,culture-specific (operational)
299,1,culture-specific (operational)
300,1,culture-specific (operational)
301,1,culture-specific (operational)
302,1,culture-specific (operational)
303,1,culture-specific (operational)
304,2,culture-specific (operational)
305,1,culture-specific (operational)
306,1,culture-specific (operational)
307,1,culture-specific (operational)
308,1,culture-specific (operational)
309,1,culture-specific (operational)
310,1,culture-specific (operational)
311,1,culture-specific (operational)
312,1,culture-specific (operational)
313,1,culture-specific (operational)
314,1,culture-specific (operational)
315,1,culture-specific (operational)
316,1,culture-specific (operational)
317,1,culture-specific (operational)
318,1,culture-specific (operational)
319,1,culture-specific (operational)
320,1,culture-specific (operational)
321,1,culture-specific (operational)
322,1,culture-specific (operational)
323,1,culture-specific (operational)
324,1,culture-specific (operational)
325,2,culture-specific (operational)
326,1,culture-specific (operational)
327,1,culture-specific (operational)
328,1,culture-specific (operational)
329,1,culture-specific (operational)
330,1,culture-specific (operational)
331,1,culture-specific (operational)
332,2,culture-specific (operational)
333,2,culture-specific (operational)
334,1,culture-specific (operational)
335,1,culture-specific (operational)
336,2,culture-specific (operational)
337,1,culture-specific (operational)
338,1,culture-specific (operational)
339,1,culture-specific (operational)
340,1,culture-specific (operational)
341,1,culture-specific (operational)
342,1,culture-specific (operational)
343,1,culture-specific (operational)
344,1,culture-specific (operational)
345,1,culture-specific (operational)
346,1,culture-specific (operational)
347,1,culture-specific (operational)
348,1,culture-specific (operational)
349,1,culture-specific (operational)
350,1,culture-specific (operational)
351,1,culture-specific (operational)
352,1,culture-specific (operational)
353,1,culture-specific (operational)
354,1,culture-specific (operational)
355,3,culture-specific (operational)
356,1,culture-specific (operational)
357,1,culture-specific (operational)
358,1,culture-specific (operational)
359,1,culture-specific (operational)
360,1,culture-specific (operational)
361,1,culture-specific (operational)
362,1,culture-specific (operational)
363,1,culture-specific (operational)
364,1,culture-specific (operational)
365,1,culture-specific (operational)
366,1,culture-specific (operational)
367,1,culture-specific (operational)
368,1,culture-specific (operational)
369,1,culture-specific (operational)
370,1,culture-specific (operational)
371,1,culture-specific (operational)
372,2,culture-specific (operational)
373,3,culture-specific (operational)
374,1,culture-specific (operational)
375,1,culture-specific (operational)
376,1,culture-specific (operational)
377,1,culture-specific (operational)
378,1,culture-specific (operational)
379,1,culture-specific (operational)
380,1,culture-specific (operational)
381,1,culture-specific (operational)
382,1,culture-specific (operational)
383,1,culture-specific (operational)
384,1,culture-specific (operational)
385,1,culture-specific (operational)
386,2,culture-specific (operational)
387,1,culture-specific (operational)
388,1,culture-specific (operational)
389,2,culture-specific (operational)
390,1,culture-specific (operational)
391,2,culture-specific (operational)
392,1,culture-specific (operational)
393,1,culture-specific (operational)
394,1,culture-specific (operational)
395,1,culture-specific (operational)
396,1,culture-specific (operational)
397,1,culture-specific (operational)
398,1,culture-specific (operational)
399,1,culture-specific (operational)
400,1,culture-specific (operational)
401,1,culture-specific (operational)
402,1,culture-specific (operational)
403,1,culture-specific (operational)
404,1,culture-specific (operational)
405,1,culture-specific (operational)
406,1,culture-specific (operational)
407,1,culture-specific (operational)
408,1,culture-specific (operational)
409,1,culture-specific (operational)
410,1,culture-specific (operational)
411,5,culture-specific (operational)
412,3,culture-specific (operational)
413,1,culture-specific (operational)
414,1,culture-specific (operational)
415,1,culture-specific (operational)
416,1,culture-specific (operational)
417,1,culture-specific (operational)
418,2,culture-specific (operational)
419,2,culture-specific (operational)
420,1,culture-specific (operational)
421,1,culture-specific (operational)
422,1,culture-specific (operational)
423,1,culture-specific (operational)
424,1,culture-specific (operational)
425,1,culture-specific (operational)
426,1,culture-specific (operational)
427,1,culture-specific (operational)
428,1,culture-specific (operational)
429,1,culture-specific (operational)
430,1,culture-specific (operational)
431,1,culture-specific (operational)
432,1,culture-specific (operational)
433,1,culture-specific (operational)
434,1,culture-specific (operational)
435,1,culture-specific (operational)
436,1,culture-specific (operational)
437,1,culture-specific (operational)
438,1,culture-specific (operational)
439,1,culture-specific (operational)
440,2,culture-specific (operational)
441,1,culture-specific (operational)
442,1,culture-specific (operational)
443,1,culture-specific (operational)
444,1,culture-specific (operational)
445,1,culture-specific (operational)
446,2,culture-specific (operational)
447,1,culture-specific (operational)
448,1,culture-specific (operational)
449,1,culture-specific (operational)
450,3,culture-specific (operational)
451,1,culture-specific (operational)
452,1,culture-specific (operational)
453,1,culture-specific (operational)
454,2,culture-specific (operational)
455,1,culture-specific (operational)
456,1,culture-specific (operational)
457,2,culture-specific (operational)
458,1,culture-specific (operational)
459,1,culture-specific (operational)
460,1,culture-specific (operational)
461,1,culture-specific (operational)
462,1,culture-specific (operational)
463,1,culture-specific (operational)
464,1,culture-specific (operational)
465,1,culture-specific (operational)
466,1,culture-specific (operational)
467,1,culture-specific (operational)
468,1,culture-specific (operational)
469,1,culture-specific (operational)
470,1,culture-specific (operational)
471,1,culture-specific (operational)
472,1,culture-specific (operational)
473,4,culture-specific (operational)
474,4,culture-specific (operational)
475,1,culture-specific (operational)
476,1,culture-specific (operational)
477,1,culture-specific (operational)
478,3,culture-specific (operational)
479,2,culture-specific (operational)
480,1,culture-specific (operational)
481,1,culture-specific (operational)
482,1,culture-specific (operational)
483,1,culture-specific (operational)
484,1,culture-specific (operational)
485,1,culture-specific (operational)
486,1,culture-specific (operational)
487,1,culture-specific (operational)
488,1,culture-specific (operational)
489,1,culture-specific (operational)
490,1,culture-specific (operational)
491,1,culture-specific (operational)
492,1,culture-specific (operational)
493,1,culture-specific (operational)
494,1,culture-specific (operational)
495,1,culture-specific (operational)
496,1,culture-specific (operational)
497,1,culture-specific (operational)
498,1,culture-specific (operational)
499,1,culture-specific (operational)
500,1,culture-specific (operational)
501,1,culture-specific (operational)
502,1,culture-specific (operational)
503,1,culture-specific (operational)
504,1,culture-specific (operational)
505,1,culture-specific (operational)
506,1,culture-specific (operational)
507,1,culture-specific (operational)
508,1,culture-specific (operational)
509,1,culture-specific (operational)
510,1,culture-specific (operational)
511,1,culture-specific (operational)
512,1,culture-specific (operational)
513,1,culture-specific (operational)
514,1,culture-specific (operational)
515,1,culture-specific (operational)
516,1,culture-specific (operational)
517,1,culture-specific (operational)
518,1,culture-specific (operational)
519,3,culture-specific (operational)
520,1,culture-specific (operational)
521,1,culture-specific (operational)
522,1,culture-specific (operational)
523,1,culture-specific (operational)
524,1,culture-specific (operational)
525,1,culture-specific (operational)
526,1,culture-specific (operational)
527,1,culture-specific (operational)
528,1,culture-specific (operational)
529,1,culture-specific (operational)
530,1,culture-specific (operational)
531,1,culture-specific (operational)
532,3,culture-specific (operational)
533,1,culture-specific (operational)
534,2,culture-specific (operational)
535,1,culture-specific (operational)
536,1,culture-specific (operational)
537,1,culture-specific (operational)
538,2,culture-specific (operational)
539,1,culture-specific (operational)
540,2,culture-specific (operational)
541,2,culture-specific (operational)
542,1,culture-specific (operational)
543,1,culture-specific (operational)
544,1,culture-specific (operational)
545,1,culture-specific (operational)
546,1,culture-specific (operational)
547,1,culture-specific (operational)
548,1,culture-specific (operational)
549,1,culture-specific (operational)
550,2,culture-specific (operational)
551,1,culture-specific (operational)
552,1,culture-specific (operational)
553,2,culture-specific (operational)
554,1,culture-specific (operational)
555,1,culture-specific (operational)
556,2,culture-specific (operational)
557,1,culture-specific (operational)
558,2,culture-specific (operational)
559,1,culture-specific (operational)
560,1,culture-specific (operational)
561,1,culture-specific (operational)
562,2,culture-specific (operational)
563,1,culture-specific (operational)
564,1,culture-specific (operational)
565,1,culture-specific (operational)
566,1,culture-specific (operational)
567,1,culture-specific (operational)
568,1,culture-specific (operational)
569,1,culture-specific (operational)
570,2,culture-specific (operational)
571,1,culture-specific (operational)
572,1,culture-specific (operational)
573,1,culture-specific (operational)
574,1,culture-specific (operational)
575,1,culture-specific (operational)
576,1,culture-specific (operational)
577,1,culture-specific (operational)
578,1,culture-specific (operational)
579,1,culture-specific (operational)
580,1,culture-specific (operational)
581,1,culture-specific (operational)
582,1,culture-specific (operational)
583,1,culture-specific (operational)
584,1,culture-specific (operational)
585,1,culture-specific (operational)
586,1,culture-specific (operational)
587,1,culture-specific (operational)
588,1,culture-specific (operational)
589,1,culture-specific (operational)
590,1,culture-specific (operational)
591,1,culture-specific (operational)
592,3,culture-specific (operational)
593,1,culture-specific (operational)
594,1,culture-specific (operational)
595,1,culture-specific (operational)
596,3,culture-specific (operational)
597,3,culture-specific (operational)
598,4,culture-specific (operational)
599,2,culture-specific (operational)
600,1,culture-specific (operational)
601,1,culture-specific (operational)
602,1,culture-specific (operational)
603,1,culture-specific (operational)
604,1,culture-specific (operational)
605,1,culture-specific (operational)
606,2,culture-specific (operational)
607,1,culture-specific (operational)
608,1,culture-specific (operational)
609,1,culture-specific (operational)
610,1,culture-specific (operational)
611,1,culture-specific (operational)
612,2,culture-specific (operational)
613,1,culture-specific (operational)
614,1,culture-specific (operational)
615,1,culture-specific (operational)
616,1,culture-specific (operational)
617,2,culture-specific (operational)
618,3,culture-specific (operational)
619,1,culture-specific (operational)
620,1,culture-specific (operational)
621,1,culture-specific (operational)
622,1,culture-specific (operational)
623,1,culture-specific (operational)
624,1,culture-specific (operational)
625,2,culture-specific (operational)
626,2,culture-specific (operational)
627,1,culture-specific (operational)
628,1,culture-specific (operational)
629,1,culture-specific (operational)
630,1,culture-specific (operational)
631,1,culture-specific (operational)
632,1,culture-specific (operational)
633,3,culture-specific (operational)
634,1,culture-specific (operational)
635,1,culture-specific (operational)
636,1,culture-specific (operational)
637,1,culture-specific (operational)
638,2,culture-specific (operational)
639,1,culture-specific (operational)
640,2,culture-specific (operational)
641,2,culture-specific (operational)
642,1,culture-specific (operational)
643,1,culture-specific (operational)
644,2,culture-specific (operational)
645,2,culture-specific (operational)
646,3,culture-specific (operational)
647,1,culture-specific (operational)
648,3,culture-specific (operational)
649,2,culture-specific (operational)
650,1,culture-specific (operational)
651,2,culture-specific (operational)
652,1,culture-specific (operational)
653,1,culture-specific (operational)
654,1,culture-specific (operational)
655,1,culture-specific (operational)
656,1,culture-specific (operational)
657,1,culture-specific (operational)
658,1,culture-specific (operational)
659,1,culture-specific (operational)
660,1,culture-specific (operational)
661,1,culture-specific (operational)
662,1,culture-specific (operational)
663,1,culture-specific (operational)
664,1,culture-specific (operational)
665,1,culture-specific (operational)
666,1,culture-specific (operational)
667,1,culture-specific (operational)
668,1,culture-specific (operational)
669,2,culture-specific (operational)
670,1,culture-specific (operational)
671,1,culture-specific (operational)
672,1,culture-specific (operational)
673,1,culture-specific (operational)
674,1,culture-specific (operational)
675,1,culture-specific (operational)
676,1,culture-specific (operational)
677,1,culture-specific (operational)
678,1,culture-specific (operational)
679,3,culture-specific (operational)
680,1,culture-specific (operational)
681,3,culture-specific (operational)
682,1,culture-specific (operational)
683,2,culture-specific (operational)
684,1,culture-specific (operational)
685,1,culture-specific (operational)
686,1,culture-specific (operational)
687,1,culture-specific (operational)
688,1,culture-specific (operational)
689,1,culture-specific (operational)
690,1,culture-specific (operational)
691,1,culture-specific (operational)
692,3,culture-specific (operational)
693,1,culture-specific (operational)
694,1,culture-specific (operational)
695,1,culture-specific (operational)
696,2,culture-specific (operational)
697,1,culture-specific (operational)
698,1,culture-specific (operational)
699,2,culture-specific (operational)
700,1,culture-specific (operational)
701,1,culture-specific (operational)
702,1,culture-specific (operational)
703,1,culture-specific (operational)
704,2,culture-specific (operational)
705,1,culture-specific (operational)
706,1,culture-specific (operational)
707,1,culture-specific (operational)
708,1,culture-specific (operational)
709,1,culture-specific (operational)
710,1,culture-specific (operational)
711,1,culture-specific (operational)
712,1,culture-specific (operational)
713,1,culture-specific (operational)
714,1,culture-specific (operational)
715,1,culture-specific (operational)
716,1,culture-specific (operational)
717,1,culture-specific (operational)
718,1,culture-specific (operational)
719,1,culture-specific (operational)
720,1,culture-specific (operational)
721,1,culture-specific (operational)
722,1,culture-specific (operational)
723,3,culture-specific (operational)
724,1,culture-specific (operational)
725,2,culture-specific (operational)
726,1,culture-specific (operational)
727,1,culture-specific (operational)
728,1,culture-specific (operational)
729,1,culture-specific (operational)
730,2,culture-specific (operational)
731,1,culture-specific (operational)
732,1,culture-specific (operational)
733,1,culture-specific (operational)
734,1,culture-specific (operational)
735,1,culture-specific (operational)
736,1,culture-specific (operational)
737,2,culture-specific (operational)
738,1,culture-specific (operational)
739,1,culture-specific (operational)
740,1,culture-specific (operational)
741,2,culture-specific (operational)
742,2,culture-specific (operational)
743,3,culture-specific (operational)
744,1,culture-specific (operational)
745,1,culture-specific (operational)
746,1,culture-specific (operational)
747,1,culture-specific (operational)
748,1,culture-specific (operational)
749,1,culture-specific (operational)
750,1,culture-specific (operational)
751,1,culture-specific (operational)
752,1,culture-specific (operational)
753,1,culture-specific (operational)
754,1,culture-specific (operational)
755,1,culture-specific (operational)
756,1,culture-specific (operational)
757,1,culture-specific (operational)
758,1,culture-specific (operational)
759,1,culture-specific (operational)
760,1,culture-specific (operational)
761,1,culture-specific (operational)
762,1,culture-specific (operational)
763,1,culture-specific (operational)
764,1,culture-specific (operational)
765,1,culture-specific (operational)
766,1,culture-specific (operational)
767,1,culture-specific (operational)
768,2,culture-specific (operational)
769,1,culture-specific (operational)
770,1,culture-specific (operational)
771,1,culture-specific (operational)
772,3,culture-specific (operational)
773,1,culture-specific (operational)
774,1,culture-specific (operational)
775,2,culture-specific (operational)
776,1,culture-specific (operational)
777,1,culture-specific (operational)
778,2,culture-specific (operational)
779,1,culture-specific (operational)
780,1,culture-specific (operational)
781,1,culture-specific (operational)
782,1,culture-specific (operational)
783,3,culture-specific (operational)
784,1,culture-specific (operational)
785,1,culture-specific (operational)
786,1,culture-specific (operational)
787,1,culture-specific (operational)
788,1,culture-specific (operational)
789,3,culture-specific (operational)
790,1,culture-specific (operational)
791,1,culture-specific (operational)
792,2,culture-specific (operational)
793,1,culture-specific (operational)
794,2,culture-specific (operational)
795,1,culture-specific (operational)
796,1,culture-specific (operational)
797,1,culture-specific (operational)
798,1,culture-specific (operational)
799,1,culture-specific (operational)
800,1,culture-specific (operational)
801,1,culture-specific (operational)
802,1,culture-specific (operational)
803,1,culture-specific (operational)
804,1,culture-specific (operational)
805,1,culture-specific (operational)
806,1,culture-specific (operational)
807,1,culture-specific (operational)
808,1,culture-specific (operational)
809,1,culture-specific (operational)
810,1,culture-specific (operational)
811,1,culture-specific (operational)
812,1,culture-specific (operational)
813,1,culture-specific (operational)
814,1,culture-specific (operational)
815,1,culture-specific (operational)
816,1,culture-specific (operational)
817,1,culture-specific (operational)
818,1,culture-specific (operational)
819,1,culture-specific (operational)
820,1,culture-specific (operational)
821,1,culture-specific (operational)
822,1,culture-specific (operational)
823,1,culture-specific (operational)
824,2,culture-specific (operational)
825,1,culture-specific (operational)
826,1,culture-specific (operational)
827,1,culture-specific (operational)
828,1,culture-specific (operational)
829,2,culture-specific (operational)
830,1,culture-specific (operational)
831,1,culture-specific (operational)
832,1,culture-specific (operational)
833,1,culture-specific (operational)
834,1,culture-specific (operational)
835,1,culture-specific (operational)
836,1,culture-specific (operational)
837,1,culture-specific (operational)
838,1,culture-specific (operational)
839,2,culture-specific (operational)
840,1,culture-specific (operational)
841,1,culture-specific (operational)
842,2,culture-specific (operational)
843,1,culture-specific (operational)
844,2,culture-specific (operational)
845,1,culture-specific (operational)
846,1,culture-specific (operational)
847,1,culture-specific (operational)
848,1,culture-specific (operational)
849,1,culture-specific (operational)
850,1,culture-specific (operational)
851,3,culture-specific (operational)
852,1,culture-specific (operational)
853,2,culture-specific (operational)
854,1,culture-specific (operational)
855,1,culture-specific (operational)
856,2,culture-specific (operational)
857,1,culture-specific (operational)
858,1,culture-specific (operational)
859,1,culture-specific (operational)
860,2,culture-specific (operational)
861,1,culture-specific (operational)
862,1,culture-specific (operational)
863,1,culture-specific (operational)
864,1,culture-specific (operational)
865,1,culture-specific (operational)
866,1,culture-specific (operational)
867,1,culture-specific (operational)
868,1,culture-specific (operational)
869,1,culture-specific (operational)
870,1,culture-specific (operational)
871,1,culture-specific (operational)
872,2,culture-specific (operational)
873,1,culture-specific (operational)
874,1,culture-specific (operational)
875,2,culture-specific (operational)
876,1,culture-specific (operational)
877,1,culture-specific (operational)
878,1,culture-specific (operational)
879,1,culture-specific (operational)
880,1,culture-specific (operational)
881,1,culture-specific (operational)
882,1,culture-specific (operational)
883,1,culture-specific (operational)
884,1,culture-specific (operational)
885,1,culture-specific (operational)
886,1,culture-specific (operational)
887,1,culture-specific (operational)
888,1,culture-specific (operational)
889,2,culture-specific (operational)
890,1,culture-specific (operational)
891,1,culture-specific (operational)
892,2,culture-specific (operational)
893,1,culture-specific (operational)
894,1,culture-specific (operational)
895,1,culture-specific (operational)
896,1,culture-specific (operational)
897,1,culture-specific (operational)
898,1,culture-specific (operational)
899,1,culture-specific (operational)
900,1,culture-specific (operational)
901,1,culture-specific (operational)
902,1,culture-specific (operational)
903,1,culture-specific (operational)
904,1,culture-specific (operational)
905,1,culture-specific (operational)
906,1,culture-specific (operational)
907,1,culture-specific (operational)
908,1,culture-specific (operational)
909,1,culture-specific (operational)
910,2,culture-specific (operational)
911,1,culture-specific (operational)
912,1,culture-specific (operational)
913,1,culture-specific (operational)
914,2,culture-specific (operational)
915,1,culture-specific (operational)
916,1,culture-specific (operational)
917,3,culture-specific (operational)
918,1,culture-specific (operational)
919,1,culture-specific (operational)
920,1,culture-specific (operational)
921,1,culture-specific (operational)
922,1,culture-specific (operational)
923,1,culture-specific (operational)
924,1,culture-specific (operational)
925,1,culture-specific (operational)
926,1,culture-specific (operational)
927,1,culture-specific (operational)
928,1,culture-specific (operational)
929,1,culture-specific (operational)
930,1,culture-specific (operational)
931,1,culture-specific (operational)
932,2,culture-specific (operational)
933,1,culture-specific (operational)
934,1,culture-specific (operational)
935,1,culture-specific (operational)
936,2,culture-specific (operational)
937,1,culture-specific (operational)
938,1,culture-specific (operational)
939,1,culture-specific (operational)
940,1,culture-specific (operational)
941,1,culture-specific (operational)
942,1,culture-specific (operational)
943,1,culture-specific (operational)
944,1,culture-specific (operational)
945,1,culture-specific (operational)
946,1,culture-specific (operational)
947,1,culture-specific (operational)
948,1,culture-specific (operational)
949,1,culture-specific (operational)
950,1,culture-specific (operational)
951,1,culture-specific (operational)
952,2,culture-specific (operational)
953,2,culture-specific (operational)
954,2,culture-specific (operational)
955,3,culture-specific (operational)
956,1,culture-specific (operational)
957,1,culture-specific (operational)
958,1,culture-specific (operational)
959,1,culture-specific (operational)
960,3,culture-specific (operational)
961,1,culture-specific (operational)
962,1,culture-specific (operational)
963,1,culture-specific (operational)
964,1,culture-specific (operational)
965,1,culture-specific (operational)
966,1,culture-specific (operational)
967,2,culture-specific (operational)
968,1,culture-specific (operational)
969,1,culture-specific (operational)
970,2,culture-specific (operational)
971,2,culture-specific (operational)
972,1,culture-specific (operational)
973,1,culture-specific (operational)
974,1,culture-specific (operational)
975,1,culture-specific (operational)
976,1,culture-specific (operational)
977,1,culture-specific (operational)
978,1,culture-specific (operational)
979,1,culture-specific (operational)
980,2,culture-specific (operational)
981,1,culture-specific (operational)
982,1,culture-specific (operational)
983,1,culture-specific (operational)
984,1,culture-specific (operational)
985,1,culture-specific (operational)
986,1,culture-specific (operational)
987,1,culture-specific (operational)
988,1,culture-specific (operational)
989,1,culture-specific (operational)
990,1,culture-specific (operational)
991,3,culture-specific (operational)
992,1,culture-specific (operational)
993,1,culture-specific (operational)
994,1,culture-specific (operational)
995,1,culture-specific (operational)
996,1,culture-specific (operational)
997,1,culture-specific (operational)
998,1,culture-specific (operational)
999,1,culture-specific (operational)
1000,1,culture-specific (operational)
1001,1,culture-specific (operational)
1002,1,culture-specific (operational)
1003,1,culture-specific (operational)
1004,1,culture-specific (operational)
1005,3,culture-specific (operational)
1006,1,culture-specific (operational)
1007,2,culture-specific (operational)
1008,1,culture-specific (operational)
1009,1,culture-specific (operational)
1010,1,culture-specific (operational)
1011,1,culture-specific (operational)
1012,1,culture-specific (operational)
1013,1,culture-specific (operational)
1014,1,culture-specific (operational)
1015,1,culture-specific (operational)
1016,1,culture-specific (operational)
1017,1,culture-specific (operational)
1018,1,culture-specific (operational)
1019,2,culture-specific (operational)
1020,2,culture-specific (operational)
1021,1,culture-specific (operational)
1022,1,culture-specific (operational)
1023,1,culture-specific (operational)
1024,2,culture-specific (operational)
1025,1,culture-specific (operational)
1026,1,culture-specific (operational)
1027,1,culture-specific (operational)
1028,1,culture-specific (operational)
1029,1,culture-specific (operational)
1030,2,culture-specific (operational)
1031,1,culture-specific (operational)
1032,1,culture-specific (operational)
1033,1,culture-specific (operational)
1034,1,culture-specific (operational)
1035,1,culture-specific (operational)
1036,1,culture-specific (operational)
1037,1,culture-specific (operational)
1038,1,culture-specific (operational)
1039,1,culture-specific (operational)
1040,2,culture-specific (operational)
1041,1,culture-specific (operational)
1042,2,culture-specific (operational)
1043,3,culture-specific (operational)
1044,2,culture-specific (operational)
1045,1,culture-specific (operational)
1046,1,culture-specific (operational)
1047,1,culture-specific (operational)
1048,1,culture-specific (operational)
1049,1,culture-specific (operational)
1050,2,culture-specific (operational)
1051,1,culture-specific (operational)
1052,1,culture-specific (operational)
1053,1,culture-specific (operational)
1054,1,culture-specific (operational)
1055,1,culture-specific (operational)
1056,1,culture-specific (operational)
1057,1,culture-specific (operational)
1058,1,culture-specific (operational)
1059,1,culture-specific (operational)
1060,1,culture-specific (operational)
1061,1,culture-specific (operational)
1062,1,culture-specific (operational)
1063,2,culture-specific (operational)
1064,2,culture-specific (operational)
1065,1,culture-specific (operational)
1066,1,culture-specific (operational)
1067,2,culture-specific (operational)
1068,1,culture-specific (operational)
1069,1,culture-specific (operational)
1070,1,culture-specific (operational)
1071,1,culture-specific (operational)
1072,1,culture-specific (operational)
1073,3,culture-specific (operational)
1074,1,culture-specific (operational)
1075,2,culture-specific (operational)
1076,1,culture-specific (operational)
1077,1,culture-specific (operational)
1078,1,culture-specific (operational)
1079,1,culture-specific (operational)
1080,1,culture-specific (operational)
1081,1,culture-specific (operational)
1082,1,culture-specific (operational)
1083,3,culture-specific (operational)
1084,1,culture-specific (operational)
1085,1,culture-specific (operational)
1086,1,culture-specific (operational)
1087,1,culture-specific (operational)
1088,1,culture-specific (operational)
1089,1,culture-specific (operational)
1090,3,culture-specific (operational)
1091,1,culture-specific (operational)
1092,2,culture-specific (operational)
1093,2,culture-specific (operational)
1094,1,culture-specific (operational)
1095,1,culture-specific (operational)
1096,2,culture-specific (operational)
1097,1,culture-specific (operational)
1098,1,culture-specific (operational)
1099,1,culture-specific (operational)
1100,1,culture-specific (operational)
1101,1,culture-specific (operational)
1102,1,culture-specific (operational)
1103,1,culture-specific (operational)
1104,1,culture-specific (operational)
1105,1,culture-specific (operational)
1106,2,culture-specific (operational)
1107,1,culture-specific (operational)
1108,3,culture-specific (operational)
1109,1,culture-specific (operational)
1110,1,culture-specific (operational)
1111,1,culture-specific (operational)
1112,2,culture-specific (operational)
1113,1,culture-specific (operational)
1114,1,culture-specific (operational)
1115,1,culture-specific (operational)
1116,1,culture-specific (operational)
1117,1,culture-specific (operational)
1118,1,culture-specific (operational)
1119,1,culture-specific (operational)
1120,1,culture-specific (operational)
1121,1,culture-specific (operational)
1122,1,culture-specific (operational)
1123,1,culture-specific (operational)
1124,1,culture-specific (operational)
1125,1,culture-specific (operational)
1126,1,culture-specific (operational)
1127,1,culture-specific (operational)
1128,1,culture-specific (operational)
1129,2,culture-specific (operational)
1130,1,culture-specific (operational)
1131,1,culture-specific (operational)
1132,1,culture-specific (operational)
1133,1,culture-specific (operational)
1134,1,culture-specific (operational)
1135,1,culture-specific (operational)
1136,1,culture-specific (operational)
1137,1,culture-specific (operational)
1138,2,culture-specific (operational)
1139,1,culture-specific (operational)
1140,4,culture-specific (operational)
1141,1,culture-specific (operational)
1142,1,culture-specific (operational)
1143,1,culture-specific (operational)
1144,1,culture-specific (operational)
1145,1,culture-specific (operational)
1146,1,culture-specific (operational)
1147,2,culture-specific (operational)
1148,1,culture-specific (operational)
1149,1,culture-specific (operational)
1150,1,culture-specific (operational)
1151,1,culture-specific (operational)
1152,1,culture-specific (operational)
1153,1,culture-specific (operational)
1154,1,culture-specific (operational)
1155,2,culture-specific (operational)
1156,1,culture-specific (operational)
1157,2,culture-specific (operational)
1158,1,culture-specific (operational)
1159,1,culture-specific (operational)
1160,1,culture-specific (operational)
1161,1,culture-specific (operational)
1162,1,culture-specific (operational)
1163,1,culture-specific (operational)
1164,1,culture-specific (operational)
1165,1,culture-specific (operational)
1166,1,culture-specific (operational)
1167,1,culture-specific (operational)
1168,1,culture-specific (operational)
1169,1,culture-specific (operational)
1170,1,culture-specific (operational)
1171,1,culture-specific (operational)
1172,1,culture-specific (operational)
1173,1,culture-specific (operational)
1174,1,culture-specific (operational)
1175,1,culture-specific (operational)
1176,1,culture-specific (operational)
1177,1,culture-specific (operational)
1178,1,culture-specific (operational)
1179,1,culture-specific (operational)
1180,2,culture-specific (operational)
1181,1,culture-specific (operational)
1182,1,culture-specific (operational)
1183,1,culture-specific (operational)
1184,1,culture-specific (operational)
1185,1,culture-specific (operational)
1186,1,culture-specific (operational)
1187,1,culture-specific (operational)
1188,1,culture-specific (operational)
1189,1,culture-specific (operational)
1190,1,culture-specific (operational)
1191,1,culture-specific (operational)
1192,1,culture-specific (operational)
1193,1,culture-specific (operational)
1194,1,culture-specific (operational)
1195,2,culture-specific (operational)
1196,2,culture-specific (operational)
1197,1,culture-specific (operational)
1198,1,culture-specific (operational)
1199,1,culture-specific (operational)
1200,1,culture-specific (operational)
1201,2,culture-specific (operational)
1202,1,culture-specific (operational)
1203,1,culture-specific (operational)
1204,2,culture-specific (operational)
1205,1,culture-specific (operational)
1206,1,culture-specific (operational)
1207,1,culture-specific (operational)
1208,1,culture-specific (operational)
1209,2,culture-specific (operational)
1210,1,culture-specific (operational)
1211,1,culture-specific (operational)
1212,1,culture-specific (operational)
1213,1,culture-specific (operational)
1214,1,culture-specific (operational)
1215,1,culture-specific (operational)
1216,1,culture-specific (operational)
1217,1,culture-specific (operational)
1218,1,culture-specific (operational)
1219,1,culture-specific (operational)
1220,1,culture-specific (operational)
1221,2,culture-specific (operational)
1222,1,culture-specific (operational)
1223,1,culture-specific (operational)
1224,1,culture-specific (operational)
1225,1,culture-specific (operational)
1226,1,culture-specific (operational)
1227,1,culture-specific (operational)
1228,1,culture-specific (operational)
1229,1,culture-specific (operational)
1230,2,culture-specific (operational)
1231,1,culture-specific (operational)
1232,1,culture-specific (operational)
1233,1,culture-specific (operational)
1234,2,culture-specific (operational)
1235,1,culture-specific (operational)
1236,3,culture-specific (operational)
1237,1,culture-specific (operational)
1238,1,culture-specific (operational)
1239,1,culture-specific (operational)
1240,1,culture-specific (operational)
1241,1,culture-specific (operational)
1242,3,culture-specific (operational)
1243,1,culture-specific (operational)
1244,1,culture-specific (operational)
1245,1,culture-specific (operational)
1246,1,culture-specific (operational)
1247,1,culture-specific (operational)
1248,1,culture-specific (operational)
1249,1,culture-specific (operational)
1250,1,culture-specific (operational)
1251,1,culture-specific (operational)
1252,1,culture-specific (operational)
1253,1,culture-specific (operational)
1254,1,culture-specific (operational)
1255,1,culture-specific (operational)
1256,1,culture-specific (operational)
1257,1,culture-specific (operational)
1258,1,culture-specific (operational)
1259,1,culture-specific (operational)
1260,1,culture-specific (operational)
1261,1,culture-specific (operational)
1262,1,culture-specific (operational)
1263,1,culture-specific (operational)
1264,1,culture-specific (operational)
1265,1,culture-specific (operational)
1266,1,culture-specific (operational)
1267,1,culture-specific (operational)
1268,1,culture-specific (operational)
1269,2,culture-specific (operational)
1270,1,culture-specific (operational)
1271,1,culture-specific (operational)
1272,1,culture-specific (operational)
1273,1,culture-specific (operational)
1274,2,culture-specific (operational)
1275,5,culture-specific (operational)
1276,1,culture-specific (operational)
1277,1,culture-specific (operational)
1278,1,culture-specific (operational)
1279,1,culture-specific (operational)
1280,3,culture-specific (operational)
1281,1,culture-specific (operational)
1282,1,culture-specific (operational)
1283,1,culture-specific (operational)
1284,1,culture-specific (operational)
1285,3,culture-specific (operational)
1286,1,culture-specific (operational)
1287,1,culture-specific (operational)
1288,1,culture-specific (operational)
1289,1,culture-specific (operational)
1290,1,culture-specific (operational)
1291,1,culture-specific (operational)
1292,1,culture-specific (operational)
1293,1,culture-specific (operational)
1294,1,culture-specific (operational)
1295,1,culture-specific (operational)
1296,1,culture-specific (operational)
1297,1,culture-specific (operational)
1298,1,culture-specific (operational)
1299,4,culture-specific (operational)
1300,1,culture-specific (operational)
1301,1,culture-specific (operational)
1302,1,culture-specific (operational)
1303,2,culture-specific (operational)
1304,1,culture-specific (operational)
1305,1,culture-specific (operational)
1306,1,culture-specific (operational)
1307,1,culture-specific (operational)
1308,1,culture-specific (operational)
1309,1,culture-specific (operational)
1310,1,culture-specific (operational)
1311,1,culture-specific (operational)
1312,1,culture-specific (operational)
1313,1,culture-specific (operational)
1314,1,culture-specific (operational)
1315,1,culture-specific (operational)
1316,3,culture-specific (operational)
1317,2,culture-specific (operational)
1318,1,culture-specific (operational)
1319,1,culture-specific (operational)
1320,1,culture-specific (operational)
1321,1,culture-specific (operational)
1322,1,culture-specific (operational)
1323,1,culture-specific (operational)
1324,1,culture-specific (operational)
1325,1,culture-specific (operational)
1326,1,culture-specific (operational)
1327,1,culture-specific (operational)
1328,1,culture-specific (operational)
1329,3,culture-specific (operational)
1330,1,culture-specific (operational)
1331,1,culture-specific (operational)
1332,1,culture-specific (operational)
1333,1,culture-specific (operational)
1334,1,culture-specific (operational)
1335,1,culture-specific (operational)
1336,3,culture-specific (operational)
1337,1,culture-specific (operational)
1338,1,culture-specific (operational)
1339,1,culture-specific (operational)
1340,1,culture-specific (operational)
1341,1,culture-specific (operational)
1342,1,culture-specific (operational)
1343,1,culture-specific (operational)
1344,1,culture-specific (operational)
1345,1,culture-specific (operational)
1346,1,culture-specific (operational)
1347,1,culture-specific (operational)
1348,1,culture-specific (operational)
1349,2,culture-specific (operational)
1350,1,culture-specific (operational)
1351,1,culture-specific (operational)
1352,1,culture-specific (operational)
1353,1,culture-specific (operational)
1354,1,culture-specific (operational)
1355,1,culture-specific (operational)
1356,1,culture-specific (operational)
1357,1,culture-specific (operational)
1358,1,culture-specific (operational)
1359,1,culture-specific (operational)
1360,1,culture-specific (operational)
1361,2,culture-specific (operational)
1362,1,culture-specific (operational)
1363,1,culture-specific (operational)
1364,1,culture-specific (operational)
1365,1,culture-specific (operational)
1366,1,culture-specific (operational)
1367,1,culture-specific (operational)
1368,1,culture-specific (operational)
1369,1,culture-specific (operational)
1370,1,culture-specific (operational)
1371,1,culture-specific (operational)
1372,1,culture-specific (operational)
1373,1,culture-specific (operational)
1374,1,culture-specific (operational)
1375,1,culture-specific (operational)
1376,1,culture-specific (operational)
1377,1,culture-specific (operational)
1378,1,culture-specific (operational)
1379,2,culture-specific (operational)
1380,1,culture-specific (operational)
1381,1,culture-specific (operational)
1382,1,culture-specific (operational)
1383,1,culture-specific (operational)
1384,1,culture-specific (operational)
1385,1,culture-specific (operational)
1386,1,culture-specific (operational)
1387,1,culture-specific (operational)
1388,1,culture-specific (operational)
1389,1,culture-specific (operational)
1390,1,culture-specific (operational)
1391,1,culture-specific (operational)
1392,1,culture-specific (operational)
1393,1,culture-specific (operational)
1394,2,culture-specific (operational)
1395,1,culture-specific (operational)
1396,1,culture-specific (operational)
1397,1,culture-specific (operational)
1398,2,culture-specific (operational)
1399,2,culture-specific (operational)
1400,1,culture-specific (operational)
1401,1,culture-specific (operational)
1402,1,culture-specific (operational)
1403,1,culture-specific (operational)
1404,1,culture-specific (operational)
1405,1,culture-specific (operational)
1406,1,culture-specific (operational)
1407,1,culture-specific (operational)
1408,1,culture-specific (operational)
1409,1,culture-specific (operational)
1410,2,culture-specific (operational)
1411,1,culture-specific (operational)
1412,1,culture-specific (operational)
1413,1,culture-specific (operational)
1414,1,culture-specific (operational)
1415,1,culture-specific (operational)
1416,1,culture-specific (operational)
1417,1,culture-specific (operational)
1418,1,culture-specific (operational)
1419,1,culture-specific (operational)
1420,1,culture-specific (operational)
1421,1,culture-specific (operational)
1422,1,culture-specific (operational)
1423,1,culture-specific (operational)
1424,1,culture-specific (operational)
1425,1,culture-specific (operational)
1426,1,culture-specific (operational)
1427,1,culture-specific (operational)
1428,1,culture-specific (operational)
1429,1,culture-specific (operational)
1430,1,culture-specific (operational)
1431,1,culture-specific (operational)
1432,1,culture-specific (operational)
1433,1,culture-specific (operational)
1434,1,culture-specific (operational)
1435,1,culture-specific (operational)
1436,3,culture-specific (operational)
1437,1,culture-specific (operational)
1438,1,culture-specific (operational)
1439,1,culture-specific (operational)
1440,1,culture-specific (operational)
1441,1,culture-specific (operational)
1442,1,culture-specific (operational)
1443,1,culture-specific (operational)
1444,1,culture-specific (operational)
1445,1,culture-specific (operational)
1446,2,culture-specific (operational)
1447,2,culture-specific (operational)
1448,1,culture-specific (operational)
1449,1,culture-specific (operational)
1450,1,culture-specific (operational)
1451,1,culture-specific (operational)
1452,1,culture-specific (operational)
1453,1,culture-specific (operational)
1454,1,culture-specific (operational)
1455,1,culture-specific (operational)
1456,2,culture-specific (operational)
1457,1,culture-specific (operational)
1458,1,culture-specific (operational)
1459,1,culture-specific (operational)
1460,1,culture-specific (operational)
1461,1,culture-specific (operational)
1462,1,culture-specific (operational)
1463,1,culture-specific (operational)
1464,1,culture-specific (operational)
1465,1,culture-specific (operational)
1466,1,culture-specific (operational)
1467,1,culture-specific (operational)
1468,1,culture-specific (operational)
1469,1,culture-specific (operational)
1470,1,culture-specific (operational)
1471,1,culture-specific (operational)
1472,1,culture-specific (operational)
1473,1,culture-specific (operational)
1474,1,culture-specific (operational)
1475,1,culture-specific (operational)
1476,1,culture-specific (operational)
1477,1,culture-specific (operational)
1478,1,culture-specific (operational)
1479,1,culture-specific (operational)
1480,1,culture-specific (operational)
1481,1,culture-specific (operational)
1482,1,culture-specific (operational)
1483,1,culture-specific (operational)
1484,1,culture-specific (operational)
1485,1,culture-specific (operational)
1486,1,culture-specific (operational)
1487,1,culture-specific (operational)
1488,1,culture-specific (operational)
1489,1,culture-specific (operational)
1490,1,culture-specific (operational)
1491,1,culture-specific (operational)
1492,1,culture-specific (operational)
1493,1,culture-specific (operational)
1494,1,culture-specific (operational)
1495,1,culture-specific (operational)
1496,1,culture-specific (operational)
1497,1,culture-specific (operational)
1498,1,culture-specific (operational)
1499,1,culture-specific (operational)
1500,1,culture-specific (operational)
1501,1,culture-specific (operational)
1502,1,culture-specific (operational)
1503,1,culture-specific (operational)
1504,1,culture-specific (operational)
1505,1,culture-specific (operational)
1506,1,culture-specific (operational)
1507,1,culture-specific (operational)
1508,1,culture-specific (operational)
1509,1,culture-specific (operational)
1510,1,culture-specific (operational)
1511,1,culture-specific (operational)
1512,2,culture-specific (operational)
1513,1,culture-specific (operational)
1514,1,culture-specific (operational)
1515,1,culture-specific (operational)
1516,1,culture-specific (operational)
1517,1,culture-specific (operational)
1518,1,culture-specific (operational)
1519,1,culture-specific (operational)
1520,1,culture-specific (operational)
1521,1,culture-specific (operational)
1522,1,culture-specific (operational)
1523,1,culture-specific (operational)
1524,1,culture-specific (operational)
1525,1,culture-specific (operational)
1526,1,culture-specific (operational)
1527,1,culture-specific (operational)
1528,1,culture-specific (operational)
1529,1,culture-specific (operational)
1530,1,culture-specific (operational)
1531,1,culture-specific (operational)
1532,1,culture-specific (operational)
1533,1,culture-specific (operational)
1534,1,culture-specific (operational)
1535,1,culture-specific (operational)
1536,1,culture-specific (operational)
1537,1,culture-specific (operational)
1538,1,culture-specific (operational)
1539,1,culture-specific (operational)
1540,1,culture-specific (operational)
1541,1,culture-specific (operational)
1542,1,culture-specific (operational)
1543,2,culture-specific (operational)
1544,1,culture-specific (operational)
1545,1,culture-specific (operational)
1546,1,culture-specific (operational)
1547,1,culture-specific (operational)
1548,1,culture-specific (operational)
1549,2,culture-specific (operational)
1550,1,culture-specific (operational)
1551,1,culture-specific (operational)
1552,1,culture-specific (operational)
1553,3,culture-specific (operational)
1554,2,culture-specific (operational)
1555,2,culture-specific (operational)
1556,1,culture-specific (operational)
1557,1,culture-specific (operational)
1558,2,culture-specific (operational)
1559,1,culture-specific (operational)
1560,1,culture-specific (operational)
1561,2,culture-specific (operational)
1562,1,culture-specific (operational)
1563,1,culture-specific (operational)
1564,1,culture-specific (operational)
1565,1,culture-specific (operational)
1566,2,culture-specific (operational)
1567,1,culture-specific (operational)
1568,1,culture-specific (operational)
1569,1,culture-specific (operational)
1570,1,culture-specific (operational)
1571,1,culture-specific (operational)
1572,1,culture-specific (operational)
1573,1,culture-specific (operational)
1574,2,culture-specific (operational)
1575,1,culture-specific (operational)
1576,1,culture-specific (operational)
1577,1,culture-specific (operational)
1578,1,culture-specific (operational)
1579,1,culture-specific (operational)
1580,1,culture-specific (operational)
1581,1,culture-specific (operational)
1582,1,culture-specific (operational)
1583,1,culture-specific (operational)
1584,1,culture-specific (operational)
1585,1,culture-specific (operational)
1586,1,culture-specific (operational)
1587,1,culture-specific (operational)
1588,1,culture-specific (operational)
1589,1,culture-specific (operational)
1590,1,culture-specific (operational)
1591,1,culture-specific (operational)
1592,1,culture-specific (operational)
1593,1,culture-specific (operational)
1594,1,culture-specific (operational)
1595,2,culture-specific (operational)
1596,2,culture-specific (operational)
1597,1,culture-specific (operational)
1598,1,culture-specific (operational)
1599,1,culture-specific (operational)
1600,1,culture-specific (operational)
1601,1,culture-specific (operational)
1602,1,culture-specific (operational)
1603,1,culture-specific (operational)
1604,1,culture-specific (operational)
1605,1,culture-specific (operational)
1606,1,culture-specific (operational)
1607,1,culture-specific (operational)
1608,1,culture-specific (operational)
1609,1,culture-specific (operational)
1610,1,culture-specific (operational)
1611,1,culture-specific (operational)
1612,1,culture-specific (operational)
1613,1,culture-specific (operational)
1614,1,culture-specific (operational)
1615,1,culture-specific (operational)
1616,1,culture-specific (operational)
1617,1,culture-specific (operational)
1618,1,culture-specific (operational)
1619,1,culture-specific (operational)
1620,1,culture-specific (operational)
1621,1,culture-specific (operational)
1622,1,culture-specific (operational)
1623,1,culture-specific (operational)
1624,1,culture-specific (operational)
1625,1,culture-specific (operational)
1626,1,culture-specific (operational)
1627,1,culture-specific (operational)
1628,1,culture-specific (operational)
1629,1,culture-specific (operational)
1630,1,culture-specific (operational)
1631,1,culture-specific (operational)
1632,1,culture-specific (operational)
1633,1,culture-specific (operational)
1634,1,culture-specific (operational)
1635,1,culture-specific (operational)
1636,1,culture-specific (operational)
1637,2,culture-specific (operational)
1638,1,culture-specific (operational)
1639,1,culture-specific (operational)
1640,1,culture-specific (operational)
1641,3,culture-specific (operational)
1642,1,culture-specific (operational)
1643,1,culture-specific (operational)
1644,1,culture-specific (operational)
1645,1,culture-specific (operational)
1646,1,culture-specific (operational)
1647,1,culture-specific (operational)
1648,1,culture-specific (operational)
1649,1,culture-specific (operational)
1650,1,culture-specific (operational)
1651,1,culture-specific (operational)
1652,1,culture-specific (operational)
1653,1,culture-specific (operational)
1654,1,culture-specific (operational)
1655,1,culture-specific (operational)
1656,1,culture-specific (operational)
1657,1,culture-specific (operational)
1658,1,culture-specific (operational)
1659,2,culture-specific (operational)
1660,1,culture-specific (operational)
1661,1,culture-specific (operational)
1662,1,culture-specific (operational)
1663,1,culture-specific (operational)
1664,1,culture-specific (operational)
1665,1,culture-specific (operational)
1666,1,culture-specific (operational)
1667,1,culture-specific (operational)
1668,1,culture-specific (operational)
1669,1,culture-specific (operational)
1670,1,culture-specific (operational)
1671,1,culture-specific (operational)
1672,1,culture-specific (operational)
1673,2,culture-specific (operational)
1674,1,culture-specific (operational)
1675,1,culture-specific (operational)
1676,3,culture-specific (operational)
1677,3,culture-specific (operational)
1678,1,culture-specific (operational)
1679,1,culture-specific (operational)
1680,1,culture-specific (operational)
1681,1,culture-specific (operational)
1682,1,culture-specific (operational)
1683,1,culture-specific (operational)
1684,1,culture-specific (operational)
1685,1,culture-specific (operational)
1686,1,culture-specific (operational)
1687,1,culture-specific (operational)
1688,1,culture-specific (operational)
1689,1,culture-specific (operational)
1690,1,culture-specific (operational)
1691,1,culture-specific (operational)
1692,1,culture-specific (operational)
1693,1,culture-specific (operational)
1694,1,culture-specific (operational)
1695,1,culture-specific (operational)
1696,1,culture-specific (operational)
1697,1,culture-specific (operational)
1698,1,culture-specific (operational)
1699,1,culture-specific (operational)
1700,1,culture-specific (operational)
1701,1,culture-specific (operational)
1702,1,culture-specific (operational)
1703,1,culture-specific (operational)
1704,1,culture-specific (operational)
1705,1,culture-specific (operational)
1706,2,culture-specific (operational)
1707,1,culture-specific (operational)
1708,1,culture-specific (operational)
1709,1,culture-specific (operational)
1710,1,culture-specific (operational)
1711,1,culture-specific (operational)
1712,1,culture-specific (operational)
1713,1,culture-specific (operational)
1714,1,culture-specific (operational)
1715,3,culture-specific (operational)
1716,1,culture-specific (operational)
1717,1,culture-specific (operational)
1718,1,culture-specific (operational)
1719,1,culture-specific (operational)
1720,2,culture-specific (operational)
1721,2,culture-specific (operational)
1722,1,culture-specific (operational)
1723,1,culture-specific (operational)
1724,1,culture-specific (operational)
1725,1,culture-specific (operational)
1726,1,culture-specific (operational)
1727,1,culture-specific (operational)
1728,1,culture-specific (operational)
1729,1,culture-specific (operational)
1730,1,culture-specific (operational)
1731,1,culture-specific (operational)
1732,1,culture-specific (operational)
1733,1,culture-specific (operational)
1734,1,culture-specific (operational)
1735,1,culture-specific (operational)
1736,1,culture-specific (operational)
1737,2,culture-specific (operational)
1738,1,culture-specific (operational)
1739,1,culture-specific (operational)
1740,2,culture-specific (operational)
1741,1,culture-specific (operational)
1742,1,culture-specific (operational)
1743,2,culture-specific (operational)
1744,1,culture-specific (operational)
1745,1,culture-specific (operational)
1746,2,culture-specific (operational)
1747,1,culture-specific (operational)
1748,1,culture-specific (operational)
1749,1,culture-specific (operational)
1750,1,culture-specific (operational)
1751,1,culture-specific (operational)
1752,1,culture-specific (operational)
1753,1,culture-specific (operational)
1754,1,culture-specific (operational)
1755,1,culture-specific (operational)
1756,1,culture-specific (operational)
1757,2,culture-specific (operational)
1758,1,culture-specific (operational)
1759,2,culture-specific (operational)
1760,1,culture-specific (operational)
1761,2,culture-specific (operational)
1762,1,culture-specific (operational)
1763,1,culture-specific (operational)
1764,1,culture-specific (operational)
1765,1,culture-specific (operational)
1766,1,culture-specific (operational)
1767,1,culture-specific (operational)
1768,3,culture-specific (operational)
1769,1,culture-specific (operational)
1770,2,culture-specific (operational)
1771,4,culture-specific (operational)
1772,1,culture-specific (operational)
1773,1,culture-specific (operational)
1774,1,culture-specific (operational)
1775,1,culture-specific (operational)
1776,1,culture-specific (operational)
1777,1,culture-specific (operational)
1778,1,culture-specific (operational)
1779,1,culture-specific (operational)
1780,1,culture-specific (operational)
1781,1,culture-specific (operational)
1782,1,culture-specific (operational)
1783,1,culture-specific (operational)
1784,1,culture-specific (operational)
1785,1,culture-specific (operational)
1786,1,culture-specific (operational)
1787,1,culture-specific (operational)
1788,1,culture-specific (operational)
1789,1,culture-specific (operational)
1790,1,culture-specific (operational)
1791,1,culture-specific (operational)
1792,1,culture-specific (operational)
1793,1,culture-specific (operational)
1794,1,culture-specific (operational)
1795,1,culture-specific (operational)
1796,1,culture-specific (operational)
1797,1,culture-specific (operational)
1798,1,culture-specific (operational)
1799,1,culture-specific (operational)
1800,1,culture-specific (operational)
1801,1,culture-specific (operational)
1802,1,culture-specific (operational)
1803,1,culture-specific (operational)
1804,1,culture-specific (operational)
1805,1,culture-specific (operational)
1806,1,culture-specific (operational)
1807,1,culture-specific (operational)
1808,1,culture-specific (operational)
1809,1,culture-specific (operational)
1810,1,culture-specific (operational)
1811,1,culture-specific (operational)
1812,1,culture-specific (operational)
1813,1,culture-specific (operational)
1814,1,culture-specific (operational)
1815,1,culture-specific (operational)
1816,1,culture-specific (operational)
1817,1,culture-specific (operational)
1818,1,culture-specific (operational)
1819,1,culture-specific (operational)
1820,1,culture-specific (operational)
1821,1,culture-specific (operational)
1822,1,culture-specific (operational)
1823,1,culture-specific (operational)
1824,1,culture-specific (operational)
1825,1,culture-specific (operational)
1826,1,culture-specific (operational)
1827,1,culture-specific (operational)
1828,1,culture-specific (operational)
1829,1,culture-specific (operational)
1830,1,culture-specific (operational)
1831,1,culture-specific (operational)
1832,1,culture-specific (operational)
1833,1,culture-specific (operational)
1834,1,culture-specific (operational)
1835,1,culture-specific (operational)
1836,1,culture-specific (operational)
1837,1,culture-specific (operational)
1838,1,culture-specific (operational)
1839,1,culture-specific (operational)
1840,1,culture-specific (operational)
1841,1,culture-specific (operational)
1842,1,culture-specific (operational)
1843,1,culture-specific (operational)
1844,1,culture-specific (operational)
1845,1,culture-specific (operational)
1846,1,culture-specific (operational)
1847,1,culture-specific (operational)
1848,1,culture-specific (operational)
1849,1,culture-specific (operational)
1850,1,culture-specific (operational)
1851,1,culture-specific (operational)
1852,1,culture-specific (operational)
1853,1,culture-specific (operational)
1854,1,culture-specific (operational)
1855,1,culture-specific (operational)
1856,1,culture-specific (operational)
1857,1,culture-specific (operational)
1858,1,culture-specific (operational)
1859,1,culture-specific (operational)
1860,1,culture-specific (operational)
1861,1,culture-specific (operational)
1862,1,culture-specific (operational)
1863,1,culture-specific (operational)
1864,1,culture-specific (operational)
1865,1,culture-specific (operational)
1866,1,culture-specific (operational)
1867,1,culture-specific (operational)
1868,1,culture-specific (operational)
1869,1,culture-specific (operational)
1870,1,culture-specific (operational)
1871,1,culture-specific (operational)
1872,1,culture-specific (operational)
1873,1,culture-specific (operational)
1874,1,culture-specific (operational)
1875,1,culture-specific (operational)
1876,1,culture-specific (operational)
1877,1,culture-specific (operational)
1878,1,culture-specific (operational)
1879,1,culture-specific (operational)
1880,1,culture-specific (operational)
1881,1,culture-specific (operational)
1882,4,culture-specific (operational)
1883,1,culture-specific (operational)
1884,1,culture-specific (operational)
1885,1,culture-specific (operational)
1886,1,culture-specific (operational)
1887,1,culture-specific (operational)
1888,1,culture-specific (operational)
1889,1,culture-specific (operational)
1890,1,culture-specific (operational)
1891,1,culture-specific (operational)
1892,1,culture-specific (operational)
1893,1,culture-specific (operational)
1894,1,culture-specific (operational)
1895,1,culture-specific (operational)
1896,1,culture-specific (operational)
1897,1,culture-specific (operational)
1898,1,culture-specific (operational)
1899,1,culture-specific (operational)
1900,2,culture-specific (operational)
1901,1,culture-specific (operational)
1902,1,culture-specific (operational)
1903,1,culture-specific (operational)
1904,1,culture-specific (operational)
1905,1,culture-specific (operational)
1906,1,culture-specific (operational)
1907,1,culture-specific (operational)
1908,1,culture-specific (operational)
1909,1,culture-specific (operational)
1910,2,culture-specific (operational)
1911,1,culture-specific (operational)
1912,1,culture-specific (operational)
1913,1,culture-specific (operational)
1914,1,culture-specific (operational)
1915,1,culture-specific (operational)
1916,1,culture-specific (operational)
1917,1,culture-specific (operational)
1918,1,culture-specific (operational)
1919,1,culture-specific (operational)
1920,1,culture-specific (operational)
1921,1,culture-specific (operational)
1922,1,culture-specific (operational)
1923,1,culture-specific (operational)
1924,1,culture-specific (operational)
1925,1,culture-specific (operational)
1926,1,culture-specific (operational)
1927,1,culture-specific (operational)
1928,1,culture-specific (operational)
1929,1,culture-specific (operational)
1930,1,culture-specific (operational)
1931,1,culture-specific (operational)
1932,1,culture-specific (operational)
1933,1,culture-specific (operational)
1934,1,culture-specific (operational)
1935,1,culture-specific (operational)
1936,1,culture-specific (operational)
1937,1,culture-specific (operational)
1938,1,culture-specific (operational)
1939,1,culture-specific (operational)
1940,1,culture-specific (operational)
1941,1,culture-specific (operational)
1942,1,culture-specific (operational)
1943,1,culture-specific (operational)
1944,1,culture-specific (operational)
1945,1,culture-specific (operational)
1946,1,culture-specific (operational)
1947,1,culture-specific (operational)
1948,1,culture-specific (operational)
1949,1,culture-specific (operational)
1950,1,culture-specific (operational)
1951,1,culture-specific (operational)
1952,1,culture-specific (operational)
1953,1,culture-specific (operational)
1954,6,culture-specific (operational)
1955,1,culture-specific (operational)
1956,1,culture-specific (operational)
1957,1,culture-specific (operational)
1958,1,culture-specific (operational)
1959,1,culture-specific (operational)
1960,1,culture-specific (operational)
1961,1,culture-specific (operational)
1962,1,culture-specific (operational)
1963,1,culture-specific (operational)
1964,1,culture-specific (operational)
1965,1,culture-specific (operational)
1966,1,culture-specific (operational)
1967,1,culture-specific (operational)
1968,1,culture-specific (operational)
1969,1,culture-specific (operational)
1970,1,culture-specific (operational)
1971,1,culture-specific (operational)
1972,1,culture-specific (operational)
1973,1,culture-specific (operational)
1974,1,culture-specific (operational)
1975,1,culture-specific (operational)
1976,1,culture-specific (operational)
1977,1,culture-specific (operational)
1978,1,culture-specific (operational)
1979,1,culture-specific (operational)
1980,1,culture-specific (operational)
1981,1,culture-specific (operational)
1982,1,culture-specific (operational)
1983,1,culture-specific (operational)
1984,1,culture-specific (operational)
1985,1,culture-specific (operational)
1986,1,culture-specific (operational)
1987,1,culture-specific (operational)
1988,1,culture-specific (operational)
1989,1,culture-specific (operational)
1990,1,culture-specific (operational)
1991,1,culture-specific (operational)
1992,1,culture-specific (operational)
1993,1,culture-specific (operational)
1994,1,culture-specific (operational)
1995,1,culture-specific (operational)
1996,1,culture-specific (operational)
1997,1,culture-specific (operational)
1998,1,culture-specific (operational)
1999,1,culture-specific (operational)
2000,1,culture-specific (operational)
2001,1,culture-specific (operational)
2002,1,culture-specific (operational)
2003,1,culture-specific (operational)
2004,1,culture-specific (operational)
2005,1,culture-specific (operational)
2006,1,culture-specific (operational)
2007,1,culture-specific (operational)
2008,1,culture-specific (operational)
2009,1,culture-specific (operational)
2010,1,culture-specific (operational)
2011,1,culture-specific (operational)
2012,1,culture-specific (operational)
2013,1,culture-specific (operational)
2014,1,culture-specific (operational)
2015,1,culture-specific (operational)
2016,1,culture-specific (operational)
2017,2,culture-specific (operational)
2018,1,culture-specific (operational)
2019,1,culture-specific (operational)
2020,1,culture-specific (operational)
2021,1,culture-specific (operational)
2022,1,culture-specific (operational)
2023,1,culture-specific (operational)
2024,1,culture-specific (operational)
2025,1,culture-specific (operational)
2026,1,culture-specific (operational)
2027,1,culture-specific (operational)
2028,1,culture-specific (operational)
2029,1,culture-specific (operational)
2030,1,culture-specific (operational)
2031,1,culture-specific (operational)
2032,1,culture-specific (operational)
2033,1,culture-specific (operational)
2034,1,culture-specific (operational)
2035,1,culture-specific (operational)
2036,1,culture-specific (operational)
2037,1,culture-specific (operational)
2038,1,culture-specific (operational)
2039,1,culture-specific (operational)
2040,1,culture-specific (operational)
2041,1,culture-specific (operational)
2042,1,culture-specific (operational)
2043,1,culture-specific (operational)
2044,2,culture-specific (operational)
2045,2,culture-specific (operational)
2046,1,culture-specific (operational)
2047,1,culture-specific (operational)
2048,1,culture-specific (operational)
2049,1,culture-specific (operational)
2050,1,culture-specific (operational)
2051,1,culture-specific (operational)
2052,1,culture-specific (operational)
2053,1,culture-specific (operational)
2054,1,culture-specific (operational)
2055,1,culture-specific (operational)
2056,1,culture-specific (operational)
2057,1,culture-specific (operational)
2058,1,culture-specific (operational)
2059,1,culture-specific (operational)
2060,1,culture-specific (operational)
2061,1,culture-specific (operational)
2062,1,culture-specific (operational)
2063,1,culture-specific (operational)
2064,1,culture-specific (operational)
2065,1,culture-specific (operational)
2066,1,culture-specific (operational)
2067,1,culture-specific (operational)
2068,1,culture-specific (operational)
2069,1,culture-specific (operational)
2070,1,culture-specific (operational)
2071,1,culture-specific (operational)
2072,1,culture-specific (operational)
2073,1,culture-specific (operational)
2074,1,culture-specific (operational)
2075,1,culture-specific (operational)
2076,1,culture-specific (operational)
2077,1,culture-specific (operational)
2078,1,culture-specific (operational)
2079,2,culture-specific (operational)
2080,1,culture-specific (operational)
2081,2,culture-specific (operational)
2082,1,culture-specific (operational)
2083,1,culture-specific (operational)
2084,1,culture-specific (operational)
2085,1,culture-specific (operational)
2086,1,culture-specific (operational)
2087,1,culture-specific (operational)
2088,1,culture-specific (operational)
2089,1,culture-specific (operational)
2090,1,culture-specific (operational)
2091,1,culture-specific (operational)
2092,1,culture-specific (operational)
2093,1,culture-specific (operational)
2094,1,culture-specific (operational)
2095,1,culture-specific (operational)
2096,1,culture-specific (operational)
2097,1,culture-specific (operational)
2098,1,culture-specific (operational)
2099,1,culture-specific (operational)
2100,1,culture-specific (operational)
2101,1,culture-specific (operational)
2102,1,culture-specific (operational)
2103,1,culture-specific (operational)
2104,1,culture-specific (operational)
2105,1,culture-specific (operational)
2106,1,culture-specific (operational)
2107,1,culture-specific (operational)
2108,1,culture-specific (operational)
2109,1,culture-specific (operational)
2110,1,culture-specific (operational)
2111,1,culture-specific (operational)
2112,1,culture-specific (operational)
2113,1,culture-specific (operational)
2114,1,culture-specific (operational)
2115,1,culture-specific (operational)
2116,1,culture-specific (operational)
2117,1,culture-specific (operational)
2118,1,culture-specific (operational)
2119,1,culture-specific (operational)
2120,1,culture-specific (operational)
2121,1,culture-specific (operational)
2122,1,culture-specific (operational)
2123,1,culture-specific (operational)
2124,1,culture-specific (operational)
2125,1,culture-specific (operational)
2126,1,culture-specific (operational)
2127,1,culture-specific (operational)
2128,1,culture-specific (operational)
2129,1,culture-specific (operational)
2130,1,culture-specific (operational)
2131,1,culture-specific (operational)
2132,1,culture-specific (operational)
2133,1,culture-specific (operational)
2134,1,culture-specific (operational)
2135,1,culture-specific (operational)
2136,1,culture-specific (operational)
2137,1,culture-specific (operational)
2138,1,culture-specific (operational)
2139,1,culture-specific (operational)
2140,1,culture-specific (operational)
2141,1,culture-specific (operational)
2142,1,culture-specific (operational)
2143,1,culture-specific (operational)
2144,1,culture-specific (operational)
2145,1,culture-specific (operational)
2146,1,culture-specific (operational)
2147,1,culture-specific (operational)
2148,1,culture-specific (operational)
2149,1,culture-specific (operational)
2150,1,culture-specific (operational)
2151,1,culture-specific (operational)
2152,1,culture-specific (operational)
2153,1,culture-specific (operational)
